location,size,room_type,distance_to_uva,furnished,registration_possible,price_per_sqm,distance_category,size_category
1,60,1,2.65,1,1,24.82316666666667,0,0
4,43,0,12.22,1,1,25.400232558139535,1,0
2,41,0,10.05,1,1,25.794878048780486,1,0
1,80,1,8.44,0,1,17.054624999999998,2,3
3,45,2,12.71,1,1,26.834666666666667,1,0
0,90,1,10.7,1,0,18.901333333333334,1,3
3,77,1,9.95,1,1,15.282467532467532,2,3
1,41,1,1.49,0,1,28.369024390243904,3,0
3,43,2,10.92,0,0,25.92139534883721,1,0
4,93,2,3.45,1,1,20.303010752688174,0,3
2,16,0,9.72,0,1,54.009375,2,2
4,92,2,7.92,1,1,17.068586956521738,2,3
5,47,2,1.25,0,0,29.08276595744681,3,0
0,96,0,14.63,1,0,19.69,1,3
4,71,0,14.92,1,0,21.576338028169015,1,3
4,77,2,10.11,0,0,19.89909090909091,1,3
1,88,0,13.92,1,0,17.902727272727272,1,3
1,99,1,4.86,0,1,16.62212121212121,0,3
4,99,2,2.14,1,1,19.802424242424244,0,3
3,91,1,10.01,0,1,15.886703296703297,1,3
3,35,0,1.72,1,0,36.990857142857145,3,1
1,63,0,10.15,1,0,22.20206349206349,1,3
3,39,1,5.97,1,1,30.51846153846154,2,1
2,20,1,0.51,0,1,37.923,3,2
1,88,0,8.25,1,0,17.54840909090909,2,3
4,17,2,12.49,0,1,72.60529411764706,1,2
5,38,2,9.56,1,1,38.04973684210527,2,1
2,90,2,0.53,0,1,19.491111111111113,3,3
3,21,1,12.71,0,0,39.743809523809524,1,1
2,21,0,14.44,1,1,37.55380952380953,1,1
3,58,1,11.12,0,1,21.397586206896552,1,0
1,65,1,0.98,1,1,21.829384615384615,3,3
3,48,1,0.93,0,0,25.467291666666668,3,0
4,35,2,12.22,1,1,36.022,1,1
5,45,1,14.58,1,0,28.347111111111108,1,0
2,74,2,3.81,1,1,21.709864864864866,0,3
2,84,0,4.6,0,1,16.49595238095238,0,3
0,50,0,3.96,1,1,34.3482,0,0
3,88,1,1.97,0,1,16.511704545454545,3,3
3,77,2,0.54,1,1,23.81714285714286,3,3
1,81,2,0.68,0,1,20.35814814814815,3,3
4,53,1,13.53,1,1,23.246226415094338,1,0
2,21,0,2.61,1,1,52.02619047619047,0,1
1,74,2,11.23,0,0,21.37675675675676,1,3
5,49,1,12.73,0,1,22.606734693877552,1,0
5,87,1,4.83,0,0,17.79770114942529,0,3
3,48,2,11.2,1,1,28.97666666666667,1,0
3,70,2,9.11,1,1,22.488285714285716,2,3
1,82,2,10.3,1,1,23.287073170731706,1,3
2,87,1,4.08,0,1,16.06206896551724,0,3
5,50,1,9.23,1,0,23.980999999999998,2,0
2,72,1,6.74,0,0,15.880694444444446,2,3
3,32,0,13.29,1,1,40.7103125,1,1
2,86,1,10.65,0,1,14.417558139534885,1,3
4,84,1,5.48,0,0,16.341785714285713,2,3
0,92,1,1.49,0,1,17.965434782608696,3,3
2,40,2,10.39,0,1,28.671249999999997,1,1
3,32,0,11.24,1,1,29.521875,1,1
1,89,1,12.08,1,1,18.424157303370787,1,3
0,22,1,7.49,1,1,55.599545454545456,2,1
3,66,2,3.68,1,1,22.124848484848485,0,3
2,99,2,5.44,1,1,17.17737373737374,2,3
0,76,0,9.87,1,1,23.28986842105263,2,3
5,95,1,0.95,0,1,18.30315789473684,3,3
1,94,2,14.6,1,1,18.84968085106383,1,3
1,26,1,10.99,0,1,43.048846153846156,1,1
4,96,0,5.61,0,1,16.54625,2,3
3,54,1,5.02,1,1,24.007222222222225,2,0
1,17,0,3.61,0,0,57.968823529411765,0,2
2,96,1,6.18,0,0,13.503958333333335,2,3
0,31,1,2.37,1,1,39.73935483870968,0,1
1,20,1,2.81,0,1,48.228500000000004,0,2
3,63,1,12.53,1,0,20.40111111111111,1,3
4,92,1,11.88,1,0,17.89195652173913,1,3
2,69,0,1.85,0,1,19.507246376811594,3,3
1,92,2,14.77,0,1,19.33108695652174,1,3
3,23,0,4.01,1,1,50.51173913043478,0,1
5,23,2,8.87,1,0,54.78521739130434,2,1
5,73,1,3.5,1,1,19.615342465753425,0,3
2,41,1,8.94,0,1,22.71,2,0
3,62,0,4.38,1,1,23.708709677419357,0,3
5,85,2,13.29,0,1,17.597176470588234,1,3
3,46,0,12.34,1,0,27.399130434782606,1,0
0,54,2,7.38,0,1,29.859814814814815,2,0
0,25,2,3.6,0,1,51.3408,0,1
5,28,1,11.72,0,0,29.61642857142857,1,1
3,75,1,12.0,0,1,16.5124,1,3
2,52,2,12.36,1,0,25.06019230769231,1,0
3,46,2,8.01,0,1,27.926086956521736,2,0
2,39,1,2.94,0,1,26.024615384615384,0,1
5,23,2,3.46,1,0,54.53869565217392,0,1
3,57,0,11.51,1,1,22.87087719298246,1,0
0,67,0,10.81,0,1,23.03358208955224,1,3
4,87,1,3.99,1,1,21.620229885057473,0,3
3,78,2,7.03,1,0,20.261410256410258,2,3
0,82,1,11.55,1,1,22.767439024390246,1,3
2,40,0,7.94,0,0,27.809500000000003,2,1
4,76,1,7.05,1,1,20.639605263157893,2,3
2,29,1,5.44,1,0,29.860689655172415,2,1
5,32,0,11.04,1,1,46.9759375,1,1
3,95,0,11.71,1,1,16.864526315789476,1,3
2,59,1,11.22,0,1,20.457796610169492,1,0
1,99,1,7.15,1,1,18.572121212121214,2,3
2,41,2,14.37,1,0,30.720243902439023,1,0
4,25,0,11.84,1,1,42.0608,1,1
4,96,2,14.67,0,1,18.173437500000002,1,3
0,71,0,8.51,1,0,20.65042253521127,2,3
4,56,2,14.06,0,1,26.079821428571428,1,0
5,51,0,2.18,0,0,25.537843137254903,0,0
0,31,1,13.03,1,0,36.47387096774194,1,1
0,44,2,8.96,0,0,27.64,2,0
1,19,0,11.09,0,1,55.14473684210526,1,2
2,28,0,2.08,1,0,40.330714285714286,0,1
1,44,2,13.06,0,1,33.711363636363636,1,0
0,69,1,1.8,1,1,23.830434782608695,3,3
3,16,1,8.21,0,0,54.463125,2,2
0,38,2,14.93,1,0,38.758421052631576,1,1
5,60,2,14.99,1,1,26.992666666666665,1,0
2,29,1,9.07,0,1,32.35896551724138,2,1
1,92,0,9.4,0,1,19.42445652173913,2,3
3,88,1,3.78,1,1,17.325568181818184,0,3
4,73,1,11.51,0,1,16.503698630136984,1,3
5,16,0,8.21,0,1,55.815,2,2
4,90,0,7.15,0,0,15.022222222222222,2,3
4,28,2,14.74,1,0,44.24,1,1
0,20,2,3.28,1,0,66.62,0,2
5,23,2,10.8,1,1,52.18521739130435,1,1
3,24,0,1.49,0,1,48.67083333333333,3,1
4,29,2,9.51,0,1,38.096896551724136,2,1
4,29,1,13.99,0,1,32.52103448275862,1,1
2,46,1,2.9,0,0,24.133695652173916,0,0
4,90,2,10.79,0,1,19.850777777777775,1,3
5,17,1,13.14,0,0,44.03,1,2
3,36,0,8.51,0,1,26.3575,2,1
0,68,1,5.43,0,1,23.58794117647059,2,3
2,64,0,10.06,0,1,19.44546875,1,3
3,43,2,11.83,1,1,27.355116279069765,1,0
0,26,0,2.63,1,1,58.43,0,1
4,98,2,5.44,1,1,20.35234693877551,2,3
5,27,2,9.74,0,0,50.17333333333334,2,1
2,84,2,3.91,0,1,18.661309523809525,0,3
5,34,2,13.09,1,0,35.05029411764706,1,1
3,84,0,14.51,0,1,18.179166666666667,1,3
4,93,2,1.11,0,1,17.407849462365593,3,3
1,76,1,9.67,0,1,19.400000000000002,2,3
3,42,0,10.74,1,0,27.487857142857145,1,0
1,78,2,0.56,0,1,21.837179487179487,3,3
1,54,2,5.66,1,1,28.999074074074073,2,0
0,26,0,5.44,0,1,48.255,2,1
3,33,1,9.75,0,1,29.26181818181818,2,1
1,84,0,11.84,1,1,22.869166666666665,1,3
5,89,2,13.26,0,1,17.756067415730335,1,3
0,88,1,6.12,1,1,21.296477272727273,2,3
2,56,2,12.67,1,1,21.9425,1,0
5,71,2,7.03,1,1,23.082112676056337,2,3
1,97,2,12.2,1,1,17.79061855670103,1,3
5,37,1,12.7,1,0,29.66864864864865,1,1
4,82,2,8.72,1,1,22.070365853658537,2,3
3,45,1,14.73,0,1,17.185111111111112,1,0
5,21,0,8.2,0,1,49.596666666666664,2,1
2,47,1,9.61,1,0,25.349361702127663,2,0
3,43,0,1.86,0,0,26.089767441860463,3,0
0,16,0,8.81,1,1,84.529375,2,2
0,89,0,2.95,1,1,21.355842696629214,0,3
1,34,1,5.09,1,1,37.39970588235294,2,1
2,23,1,4.31,0,0,34.64086956521739,0,1
2,71,2,2.73,0,0,21.516338028169017,0,3
3,54,2,8.45,0,1,22.901481481481483,2,0
3,57,0,11.19,1,1,21.31614035087719,1,0
5,73,2,13.02,1,0,20.450273972602737,1,3
1,71,1,2.24,1,1,21.82154929577465,0,3
5,25,0,1.44,0,0,33.525999999999996,3,1
4,76,1,5.89,1,1,21.552894736842106,2,3
4,61,0,4.12,1,0,22.921475409836066,0,3
3,92,1,2.88,1,1,19.215760869565216,0,3
3,49,0,1.76,0,1,23.554285714285715,3,0
5,84,1,3.84,0,0,16.242142857142856,0,3
1,73,0,10.47,0,1,22.563835616438357,1,3
1,39,0,11.08,1,0,31.100512820512822,1,1
0,80,0,4.62,1,0,20.90975,0,3
4,69,1,10.23,1,0,19.919275362318842,1,3
0,73,2,7.03,0,0,19.64232876712329,2,3
5,71,0,6.86,1,1,22.96845070422535,2,3
2,63,2,11.43,1,1,23.666984126984126,1,3
2,89,1,10.77,0,0,14.095955056179776,1,3
5,78,2,14.74,0,1,19.83628205128205,1,3
1,98,0,10.24,1,1,17.78173469387755,1,3
5,54,0,4.89,0,1,27.924814814814816,0,0
3,74,2,6.96,1,0,22.07837837837838,2,3
4,26,0,5.14,0,0,39.96769230769231,2,1
0,65,1,5.65,0,1,22.43630769230769,2,3
0,86,1,1.36,0,1,20.78511627906977,3,3
0,49,2,2.32,0,1,35.36469387755102,0,0
1,37,0,6.0,1,1,37.472162162162164,2,1
2,86,2,13.58,1,0,18.330581395348837,1,3
2,58,2,8.14,1,1,22.569310344827585,2,0
1,47,1,10.3,0,1,24.122340425531913,1,0
3,86,2,5.74,1,1,20.06755813953488,2,3
5,76,1,2.91,0,1,19.399342105263155,0,3
5,53,0,3.86,1,0,25.755849056603772,0,0
2,38,0,8.46,1,0,27.186842105263157,2,1
2,39,1,7.27,0,0,23.81102564102564,2,1
0,19,1,7.1,1,1,58.75631578947368,2,2
0,82,0,8.43,1,0,22.654756097560977,2,3
5,65,2,9.61,1,0,23.729076923076924,2,3
2,34,1,13.92,0,1,26.67735294117647,1,1
1,47,2,10.46,0,0,31.278085106382978,1,0
5,61,2,12.05,0,1,23.218196721311475,1,3
5,95,0,5.32,0,1,17.813052631578948,2,3
4,18,1,7.77,1,1,55.27333333333333,2,2
4,76,2,3.74,1,1,24.35447368421053,0,3
3,97,0,6.48,1,1,18.02164948453608,2,3
0,59,0,2.38,0,1,25.98542372881356,0,0
3,29,1,7.14,0,1,30.142758620689655,2,1
2,77,1,0.98,0,1,19.044675324675325,3,3
0,54,1,3.22,1,1,25.10462962962963,0,0
3,86,0,11.55,1,1,18.593255813953487,1,3
2,73,2,11.13,0,0,16.72164383561644,1,3
1,98,2,9.82,0,1,19.36408163265306,2,3
4,21,1,13.83,0,0,40.13095238095238,1,1
4,93,0,7.43,0,1,16.449032258064516,2,3
3,66,0,13.05,1,1,20.973333333333333,1,3
3,76,2,1.99,1,1,22.123684210526317,3,3
3,43,1,3.07,0,1,27.95860465116279,0,0
5,90,2,12.19,1,0,17.34088888888889,1,3
2,54,0,2.11,1,1,21.787222222222223,0,0
0,70,2,9.38,1,1,25.701857142857143,2,3
1,30,1,2.74,0,1,35.010999999999996,0,1
0,22,2,13.7,0,1,58.5140909090909,1,1
0,80,2,8.22,1,1,23.383875,2,3
2,73,2,2.7,0,1,19.439999999999998,0,3
5,63,2,14.74,1,0,22.363968253968256,1,3
0,61,1,14.87,1,1,23.55131147540984,1,3
5,45,2,3.21,0,1,28.52177777777778,0,0
4,27,1,2.89,1,0,48.175925925925924,0,1
0,51,2,7.86,0,0,27.371960784313725,2,0
5,73,0,4.36,1,0,24.162602739726026,0,3
1,42,1,8.96,0,1,23.18452380952381,2,0
0,49,1,1.14,1,1,27.123061224489796,3,0
1,31,0,1.39,1,0,43.94225806451613,3,1
0,19,2,8.55,1,0,72.9478947368421,2,2
5,69,1,10.94,0,1,18.408840579710144,1,3
5,62,1,14.08,1,1,20.65225806451613,1,3
0,68,2,9.89,1,1,24.733676470588236,2,3
4,59,0,2.22,1,1,26.248813559322034,0,0
3,20,0,10.57,0,1,47.761,1,2
3,67,2,12.78,0,1,20.350298507462686,1,3
1,83,0,3.14,0,0,18.709518072289157,0,3
3,23,0,1.02,1,1,42.30217391304348,3,1
1,46,1,12.44,1,1,28.767391304347825,1,0
2,40,2,5.63,0,1,30.764999999999997,2,1
5,59,1,11.94,1,1,24.222203389830508,1,0
4,42,2,0.53,0,1,33.385238095238094,3,0
4,81,1,8.77,1,0,18.675555555555555,2,3
0,33,1,11.59,1,1,33.985757575757575,1,1
4,96,2,8.15,1,1,19.126041666666666,2,3
0,52,2,15.0,0,0,25.9575,1,0
1,53,0,6.9,0,1,28.34943396226415,2,0
5,63,2,10.93,1,1,24.671746031746032,1,3
2,52,0,2.95,1,1,25.90903846153846,0,0
0,18,0,7.4,0,0,52.19722222222222,2,2
0,70,2,14.19,1,0,22.911,1,3
0,24,2,2.42,1,0,62.615,0,1
0,18,1,11.51,0,1,61.93111111111111,1,2
1,37,2,6.15,0,0,36.20648648648649,2,1
1,83,1,13.47,1,1,18.112289156626506,1,3
2,78,2,6.94,1,0,19.768076923076926,2,3
1,22,0,0.58,0,1,56.059090909090905,3,1
3,25,2,7.63,0,0,42.278400000000005,2,1
1,25,2,2.92,1,1,44.3552,0,1
5,72,1,7.93,0,1,18.312083333333334,2,3
2,74,0,5.07,1,0,18.14418918918919,2,3
4,61,2,1.94,0,0,21.508852459016392,3,3
5,71,0,8.67,1,0,21.38605633802817,2,3
0,34,2,1.53,1,0,48.17588235294118,3,1
0,53,2,6.47,1,1,29.41188679245283,2,0
0,39,2,12.65,0,1,40.53666666666667,1,1
2,21,0,11.82,0,1,46.09285714285714,1,1
0,82,0,7.15,0,0,17.93780487804878,2,3
3,74,2,14.88,1,0,20.298513513513512,1,3
4,17,1,3.34,1,1,55.93764705882353,0,2
4,60,1,11.31,1,1,20.240333333333336,1,0
4,19,2,14.14,1,1,64.00842105263159,1,2
4,15,0,7.54,0,1,65.57866666666666,2,2
2,61,1,14.83,0,1,16.50016393442623,1,3
5,33,1,2.03,0,1,35.39272727272727,0,1
3,50,2,3.69,0,1,29.2436,0,0
3,74,1,3.68,0,0,15.444729729729731,0,3
4,83,2,11.82,1,0,18.042168674698797,1,3
5,82,0,10.17,1,1,18.986951219512196,1,3
2,15,2,7.67,0,0,65.42266666666667,2,2
2,97,0,5.73,0,1,15.739072164948453,2,3
1,40,1,0.55,1,1,31.6045,3,1
5,37,2,13.7,1,1,36.33378378378378,1,1
3,58,2,5.33,1,1,26.19,2,0
0,36,1,11.02,1,1,34.33694444444445,1,1
1,40,0,10.32,1,1,37.24725,1,1
4,27,0,10.14,1,0,43.33259259259259,1,1
2,59,2,9.85,0,1,22.84406779661017,2,0
0,86,0,1.69,1,1,23.22081395348837,3,3
1,76,1,1.05,0,0,17.467894736842105,3,3
4,27,0,11.01,0,1,38.47222222222222,1,1
3,92,2,11.57,0,1,17.406086956521737,1,3
3,42,2,2.0,1,1,34.676904761904765,3,0
1,89,2,11.57,1,1,20.470337078651685,1,3
1,71,0,11.99,1,1,22.673521126760562,1,3
2,37,0,7.99,0,0,30.972162162162164,2,1
4,19,2,4.37,0,1,59.24210526315789,0,2
3,75,0,1.84,1,1,19.812933333333334,3,3
0,34,0,6.22,0,0,36.11970588235294,2,1
4,15,0,2.47,1,0,72.94466666666668,0,2
2,73,2,13.23,0,0,18.314383561643837,1,3
3,38,0,11.48,1,1,30.704736842105262,1,1
4,21,2,12.78,0,0,52.63095238095238,1,1
4,52,1,7.48,1,1,22.178653846153846,2,0
0,55,0,6.25,0,1,26.073636363636364,2,0
0,61,2,7.23,1,1,28.524426229508197,2,3
3,34,2,1.84,0,1,39.410000000000004,3,1
3,20,2,6.99,1,0,56.053999999999995,2,2
2,95,1,14.58,1,1,16.358,1,3
3,44,2,5.07,0,1,32.642272727272726,2,0
0,58,1,7.01,0,1,26.175689655172416,2,0
0,16,1,6.23,0,0,55.026875,2,2
2,31,2,4.21,0,1,31.396774193548385,0,1
5,77,1,7.49,1,0,17.614415584415585,2,3
2,54,1,5.0,0,1,21.082222222222224,0,0
5,35,1,13.66,1,0,37.336571428571425,1,1
1,54,1,5.46,1,1,23.01962962962963,2,0
0,28,2,10.0,1,1,45.8675,2,1
1,84,2,2.38,1,1,21.405119047619046,0,3
1,23,1,12.38,0,1,39.866956521739134,1,1
3,51,1,12.93,1,0,24.284901960784314,1,0
0,15,2,6.29,1,1,78.40133333333333,2,2
1,25,0,4.78,1,0,45.248000000000005,0,1
3,57,2,3.7,1,1,25.038771929824563,0,0
2,66,2,13.22,1,0,20.967575757575755,1,3
2,83,1,6.59,0,0,14.938192771084337,2,3
0,47,2,4.71,1,1,31.785106382978725,0,0
1,63,0,8.16,0,0,22.201904761904764,2,3
4,82,2,10.31,0,1,18.31512195121951,1,3
3,44,2,2.18,0,1,30.378863636363636,0,0
2,68,2,2.9,0,1,17.749411764705883,0,3
3,96,0,6.32,0,0,16.498437499999998,2,3
3,39,1,6.03,0,0,26.62871794871795,2,1
0,55,1,14.0,1,1,29.93490909090909,1,0
1,69,2,8.67,1,1,22.96463768115942,2,3
2,26,1,2.52,1,1,39.92846153846154,0,1
5,76,2,1.26,1,1,25.58421052631579,3,3
5,20,0,2.35,0,1,59.678,0,2
0,29,2,3.79,1,0,51.84758620689655,0,1
0,30,0,10.62,1,0,39.49933333333333,1,1
5,36,0,11.53,0,0,28.165833333333335,1,1
3,24,1,14.62,0,1,33.237500000000004,1,1
1,53,1,14.24,1,0,25.629433962264148,1,0
3,63,2,14.31,1,1,26.275555555555552,1,3
3,89,1,10.32,0,0,15.922921348314608,1,3
5,43,1,9.18,1,1,29.140697674418604,2,0
1,52,1,5.18,0,1,26.13346153846154,2,0
0,58,1,6.94,1,1,22.606206896551726,2,0
4,43,2,7.36,0,0,28.256511627906978,2,0
2,42,0,3.59,1,0,28.907857142857146,0,0
5,46,0,11.11,1,1,25.192391304347826,1,0
3,89,1,12.17,1,0,15.489325842696628,1,3
4,70,0,11.37,0,0,18.917857142857144,1,3
4,33,0,12.39,0,0,30.196363636363635,1,1
2,73,1,8.61,1,0,19.446986301369865,2,3
2,68,0,13.4,0,0,18.131764705882354,1,3
3,81,2,5.04,0,1,20.20172839506173,2,3
5,90,2,3.46,1,1,19.91277777777778,0,3
5,52,1,11.09,1,0,24.996923076923075,1,0
4,65,1,0.89,0,1,22.27215384615385,3,3
0,38,0,5.23,0,1,35.13842105263158,2,1
5,17,2,2.38,0,0,74.63176470588235,0,2
5,44,1,9.3,0,1,26.33113636363636,2,0
4,50,0,4.09,0,1,24.358600000000003,0,0
3,69,1,4.32,0,1,19.90623188405797,0,3
0,61,0,8.46,1,1,25.657704918032785,2,3
2,68,1,10.37,1,1,16.378529411764706,1,3
2,16,2,13.64,0,1,57.2925,1,2
4,62,1,6.1,0,0,17.688870967741938,2,3
3,89,0,3.34,1,0,17.46325842696629,0,3
0,35,0,1.19,1,1,43.68457142857143,3,1
0,60,1,13.6,1,0,23.68166666666667,1,0
5,86,2,12.49,0,1,19.55953488372093,1,3
5,25,2,7.63,0,0,45.9812,2,1
0,28,0,8.69,1,0,47.11928571428571,2,1
3,68,2,6.84,0,0,20.77823529411765,2,3
3,33,0,12.92,1,1,32.10666666666667,1,1
1,52,0,0.86,0,1,26.601923076923075,3,0
4,77,1,14.33,1,1,18.168441558441558,1,3
1,94,1,0.65,0,0,17.58436170212766,3,3
5,53,0,4.51,0,1,25.489622641509435,0,0
3,83,1,14.86,0,0,15.085542168674698,1,3
5,90,2,9.61,1,1,19.93433333333333,2,3
3,70,2,5.29,1,0,22.409428571428574,2,3
4,69,0,3.63,0,1,20.283768115942028,0,3
3,43,0,10.48,1,1,31.68046511627907,1,0
2,73,1,2.11,1,0,18.163835616438355,0,3
1,65,0,8.21,1,1,27.112615384615385,2,3
5,80,2,5.03,0,1,21.538375,2,3
4,81,2,10.76,0,1,18.621604938271602,1,3
0,21,1,9.14,0,1,46.47142857142857,2,1
4,34,1,12.11,0,0,31.110294117647058,1,1
4,19,1,9.94,0,1,46.07,2,2
5,79,1,3.25,0,1,17.712151898734177,0,3
4,51,0,3.9,1,1,26.269803921568627,0,0
1,77,0,6.0,1,1,22.419090909090908,2,3
4,52,1,6.27,1,1,23.907500000000002,2,0
3,56,1,14.26,1,1,21.580178571428572,1,0
0,60,1,2.49,0,0,25.177500000000002,0,0
0,81,0,8.9,1,0,24.001975308641978,2,3
2,29,0,9.71,1,1,41.103793103448275,2,1
2,50,2,8.08,1,1,30.9832,2,0
2,89,1,10.63,0,1,13.200449438202247,1,3
3,44,2,6.53,1,1,33.332727272727276,2,0
3,37,1,3.47,0,1,32.79810810810811,0,1
2,27,1,2.8,1,1,39.70148148148149,0,1
4,22,1,8.52,0,0,42.01590909090909,2,1
0,78,2,11.02,1,1,24.222948717948718,1,3
0,93,0,2.22,1,1,20.700645161290325,0,3
4,22,0,9.58,1,1,45.517272727272726,2,1
2,81,2,12.22,0,0,16.924814814814816,1,3
3,83,0,0.97,1,0,19.83457831325301,3,3
5,20,1,4.51,0,1,52.1665,0,2
1,80,0,4.7,0,0,19.246625,0,3
0,25,0,14.71,1,0,45.0752,1,1
3,61,2,11.23,1,1,23.01967213114754,1,3
5,20,1,6.51,0,1,40.561,2,2
0,44,0,10.95,0,0,26.139545454545456,1,0
3,85,1,4.88,1,1,19.114941176470587,0,3
1,28,1,4.01,1,1,36.88107142857143,0,1
4,18,0,1.72,0,1,62.144999999999996,3,2
1,47,2,0.69,1,1,34.55297872340426,3,0
2,52,1,14.86,0,1,18.88769230769231,1,0
5,39,2,12.34,1,1,35.64230769230769,1,1
3,80,2,5.76,1,1,22.032249999999998,2,3
4,17,1,6.76,0,0,55.9964705882353,2,2
2,53,2,13.97,0,1,22.286037735849057,1,0
3,52,0,11.89,1,1,25.160384615384615,1,0
5,18,1,5.66,0,1,59.48388888888889,2,2
1,21,2,13.26,1,0,68.3742857142857,1,1
4,82,0,14.53,1,1,18.541219512195124,1,3
1,54,1,8.94,1,1,22.90092592592593,2,0
1,55,2,8.95,0,0,26.218545454545453,2,0
5,40,2,4.94,1,0,31.353500000000004,0,1
3,70,1,8.04,0,1,18.239571428571427,2,3
1,75,0,2.67,0,1,19.253733333333333,0,3
2,36,0,8.14,0,0,27.41111111111111,2,1
4,65,1,6.11,0,1,21.420769230769228,2,3
0,65,1,4.44,0,1,21.74446153846154,0,3
4,20,2,0.8,0,1,65.437,3,2
0,76,0,8.62,1,1,21.73342105263158,2,3
2,29,2,7.08,0,1,42.89793103448276,2,1
0,59,1,9.28,0,0,22.593898305084746,2,0
0,34,2,13.3,1,1,39.484117647058824,1,1
3,19,2,13.11,0,1,53.630526315789474,1,2
0,50,1,1.57,1,1,30.0202,3,0
2,90,1,4.38,0,1,15.339888888888888,0,3
2,96,2,0.73,0,1,20.318229166666665,3,3
4,61,1,13.22,0,1,20.27770491803279,1,3
1,78,0,13.99,1,1,19.39128205128205,1,3
5,28,1,14.15,0,1,33.51571428571429,1,1
2,17,0,14.35,0,0,51.612941176470585,1,2
0,46,2,13.18,0,0,28.079782608695655,1,0
1,89,1,4.63,1,0,18.964606741573032,0,3
0,77,2,5.64,0,1,22.536883116883114,2,3
0,76,1,6.42,0,1,21.360657894736843,2,3
1,34,2,9.08,1,0,41.819411764705876,2,1
2,47,2,6.93,1,0,24.721063829787237,2,0
0,73,0,6.34,0,0,20.291095890410958,2,3
2,75,2,14.0,0,1,19.7172,1,3
1,81,1,6.02,0,0,16.291851851851852,2,3
4,26,1,12.24,1,0,36.628076923076925,1,1
3,80,0,6.49,1,1,20.648125,2,3
0,64,2,0.93,1,0,28.95828125,3,3
2,45,2,1.44,0,1,29.035555555555554,3,0
3,50,1,14.26,1,0,25.3932,1,0
5,58,2,6.03,1,1,27.075517241379313,2,0
3,15,0,7.36,1,1,78.98666666666666,2,2
0,72,2,8.64,1,1,24.965,2,3
4,80,2,2.32,0,1,22.06075,0,3
4,49,1,1.34,0,1,26.948979591836736,3,0
4,38,2,6.26,1,1,33.99921052631579,2,1
2,95,0,1.88,1,1,18.19242105263158,3,3
5,40,0,12.08,0,1,29.8625,1,1
4,61,2,0.53,1,0,27.694590163934425,3,3
1,77,1,10.24,1,1,19.202077922077923,1,3
4,98,2,4.22,0,1,17.691836734693876,0,3
0,86,2,1.93,1,1,23.65593023255814,3,3
3,70,2,7.96,1,1,22.566285714285716,2,3
0,34,1,11.68,0,0,32.96088235294118,1,1
0,62,2,1.61,0,1,28.050161290322578,3,3
2,61,1,7.72,0,0,18.47360655737705,2,3
0,20,0,0.71,1,1,76.5085,3,2
0,65,0,5.16,0,1,23.476,2,3
3,39,0,13.64,1,1,31.216923076923077,1,1
3,21,2,9.06,1,1,53.12809523809524,2,1
5,69,0,13.82,1,1,22.620579710144927,1,3
2,27,2,9.18,0,1,44.00333333333333,2,1
0,17,2,2.59,1,0,80.83764705882353,0,2
3,33,1,12.53,1,1,36.44181818181818,1,1
3,67,1,5.02,0,1,20.063582089552238,2,3
0,63,1,12.74,1,0,24.54,1,3
2,29,0,12.76,1,1,37.199999999999996,1,1
2,53,2,4.74,1,1,25.732264150943394,0,0
2,19,1,1.58,1,0,54.095263157894735,3,2
3,24,2,12.46,1,0,45.557500000000005,1,1
4,46,2,7.85,0,1,33.03804347826087,2,0
3,50,2,6.16,0,0,25.621399999999998,2,0
2,17,2,2.27,1,0,66.49941176470588,0,2
5,45,0,11.77,0,1,27.534222222222223,1,0
4,67,0,7.37,0,1,21.31089552238806,2,3
0,39,1,2.01,0,1,30.206410256410255,0,1
4,47,0,8.2,1,1,29.519148936170215,2,0
2,57,1,11.94,0,1,21.263684210526314,1,0
2,53,2,6.61,1,1,26.468490566037733,2,0
4,23,0,11.43,1,1,52.77826086956522,1,1
3,93,1,11.17,0,1,16.578602150537634,1,3
2,47,1,1.17,1,1,21.88148936170213,3,0
0,84,1,7.03,0,0,20.688095238095237,2,3
3,54,1,4.4,1,1,25.815,0,0
5,54,1,5.29,0,0,23.92648148148148,2,0
5,80,0,12.39,1,0,18.23425,1,3
4,48,0,6.36,1,1,24.34375,2,0
3,79,1,7.27,0,0,18.46987341772152,2,3
5,65,0,0.76,0,0,22.06153846153846,3,3
5,76,1,2.97,1,1,18.84118421052632,0,3
0,60,0,9.26,0,0,23.236666666666668,2,0
3,49,2,0.94,1,0,28.88530612244898,3,0
5,36,0,10.96,0,1,32.77472222222222,1,1
4,38,1,5.75,0,1,29.04421052631579,2,1
1,74,0,5.04,1,1,20.14283783783784,2,3
1,38,0,9.52,1,1,31.85342105263158,2,1
5,75,0,6.73,0,0,19.154933333333332,2,3
1,29,1,8.82,1,1,41.90931034482758,2,1
5,59,1,6.81,1,1,20.914237288135595,2,0
0,65,2,12.48,1,1,24.82646153846154,1,3
0,91,0,13.25,1,0,20.933076923076925,1,3
0,67,1,14.56,0,1,20.334179104477613,1,3
0,58,1,8.67,0,1,24.651379310344826,2,0
2,94,1,3.0,0,1,15.3,0,3
3,46,1,12.9,0,1,24.317173913043476,1,0
1,99,1,3.79,0,0,15.854040404040404,0,3
3,66,0,7.21,0,1,21.17727272727273,2,3
0,94,0,9.29,1,0,19.894787234042553,2,3
1,72,1,12.23,0,0,17.62097222222222,1,3
3,33,0,13.57,0,1,27.485151515151514,1,1
3,25,1,8.47,0,1,36.6124,2,1
2,51,2,12.34,0,0,22.461176470588235,1,0
2,91,2,6.05,1,0,17.426043956043955,2,3
0,44,1,9.34,0,0,28.613863636363636,2,0
5,48,1,1.82,1,1,25.353125000000002,3,0
1,54,1,2.65,1,0,26.970185185185187,0,0
0,45,0,9.65,1,1,30.107333333333333,2,0
1,30,1,3.9,0,0,29.817999999999998,0,1
1,44,2,13.38,0,1,26.29659090909091,1,0
2,22,2,1.55,1,1,51.22727272727273,3,1
3,65,1,9.67,1,1,20.62676923076923,2,3
1,59,2,0.99,0,1,25.22,3,0
4,65,0,0.5,0,0,18.978461538461538,3,3
3,51,1,13.97,0,0,18.9578431372549,1,0
4,31,1,10.29,1,1,34.90806451612904,1,1
0,18,2,7.01,1,0,73.48555555555555,2,2
0,23,1,0.96,1,0,51.36043478260869,3,1
5,91,2,9.82,0,1,17.802637362637363,2,3
4,56,0,2.9,0,0,22.369642857142857,0,0
1,15,2,10.59,0,0,69.29733333333334,1,2
1,36,1,4.44,0,1,28.657500000000002,0,1
4,57,2,1.15,0,1,23.788947368421052,3,0
2,67,0,6.7,0,1,21.918507462686566,2,3
5,60,0,8.31,1,0,22.520833333333332,2,0
5,99,0,8.0,0,0,17.836767676767675,2,3
1,59,1,9.25,0,1,22.908644067796608,2,0
4,50,0,8.08,1,0,23.4998,2,0
0,93,2,3.21,0,0,18.581505376344086,0,3
4,43,0,6.4,0,0,25.296279069767444,2,0
4,23,0,14.71,0,1,48.62304347826087,1,1
3,63,2,9.15,0,0,24.244603174603174,2,3
0,95,1,3.08,1,1,17.258526315789474,0,3
1,91,1,6.81,0,1,16.771868131868132,2,3
2,72,0,9.81,1,0,18.637500000000003,2,3
2,77,2,7.01,1,1,22.165584415584416,2,3
1,48,2,2.68,0,0,28.08520833333333,0,0
4,45,1,7.19,0,1,24.74511111111111,2,0
4,77,1,4.53,0,0,17.895324675324677,0,3
1,76,2,14.86,1,1,22.647894736842105,1,3
2,46,1,7.98,1,1,22.145,2,0
2,24,2,8.87,0,0,44.574999999999996,2,1
3,23,0,5.93,0,1,47.522608695652174,2,1
1,39,1,8.54,0,1,30.5874358974359,2,1
1,20,0,8.43,1,1,55.7395,2,2
2,15,1,5.91,0,1,47.132666666666665,2,2
2,80,0,2.86,1,0,19.689,0,3
2,49,1,8.34,1,1,22.35816326530612,2,0
4,32,2,3.69,1,1,36.2221875,0,1
1,87,2,4.4,0,1,20.774367816091953,0,3
1,86,2,5.78,1,1,20.735116279069768,2,3
2,62,2,13.54,0,1,25.81048387096774,1,3
3,29,0,6.38,0,0,37.2748275862069,2,1
5,57,2,4.54,0,1,22.676842105263155,0,0
4,16,1,0.67,0,1,49.384375,3,2
0,17,0,10.93,1,1,72.68764705882353,1,2
2,98,1,8.4,1,0,15.958979591836735,2,3
3,15,1,4.18,0,1,56.11266666666667,0,2
0,47,0,10.28,0,0,29.112340425531915,1,0
5,26,0,7.48,0,0,38.75038461538462,2,1
3,43,0,12.65,0,0,20.16767441860465,1,0
3,76,2,3.24,1,1,22.429868421052632,0,3
5,84,2,5.04,1,1,22.498809523809523,2,3
3,32,2,13.65,1,1,40.58125,1,1
3,41,0,8.12,1,1,28.856341463414633,2,0
2,74,2,3.97,0,1,19.818783783783783,0,3
0,69,2,7.5,1,0,21.159130434782607,2,3
1,55,0,2.31,1,1,29.25018181818182,0,0
1,58,2,3.7,1,0,29.532586206896553,0,0
1,56,2,3.48,1,1,28.431250000000002,0,0
2,43,2,14.42,1,1,31.188604651162787,1,0
3,44,2,1.55,1,1,35.129318181818185,3,0
1,76,1,14.99,1,1,21.645131578947368,1,3
5,66,1,10.23,0,1,19.981666666666666,1,3
3,41,1,1.17,0,1,28.97317073170732,3,0
2,88,2,3.2,1,0,19.07340909090909,0,3
2,93,0,9.5,1,0,14.698817204301076,2,3
0,94,2,12.23,0,1,20.117127659574468,1,3
1,73,2,4.19,1,0,21.38013698630137,0,3
1,89,1,0.95,1,1,20.119775280898878,3,3
3,71,0,7.03,0,0,21.00211267605634,2,3
5,31,0,9.19,0,1,34.72,2,1
2,31,1,13.39,1,1,30.58516129032258,1,1
1,78,2,8.47,0,0,19.708333333333332,2,3
5,32,1,6.1,0,0,22.5128125,2,1
5,63,0,11.56,0,1,21.760158730158732,1,3
1,23,2,12.74,0,1,51.23,1,1
2,18,2,6.17,1,0,59.71111111111111,2,2
4,94,1,6.53,1,1,17.538829787234043,2,3
2,54,2,4.72,0,1,25.195185185185185,0,0
1,97,1,12.06,1,1,16.11082474226804,1,3
1,25,0,11.01,0,1,43.2904,1,1
1,92,1,11.87,1,1,19.312608695652173,1,3
2,67,2,2.18,0,1,20.578208955223882,0,3
4,60,1,14.52,0,1,20.002166666666668,1,0
1,97,2,1.15,1,1,21.215463917525774,3,3
0,51,0,13.06,1,0,28.834313725490194,1,0
4,78,2,13.25,1,0,20.786153846153844,1,3
4,18,1,12.89,1,1,42.85666666666666,1,2
1,68,0,12.95,0,1,23.703529411764706,1,3
0,35,1,11.44,0,0,32.34457142857143,1,1
5,53,0,13.07,0,1,26.754716981132077,1,0
3,51,1,14.96,0,1,19.371960784313725,1,0
3,59,2,5.77,1,0,23.631016949152542,2,0
0,64,0,10.35,1,1,29.76265625,1,3
2,91,1,12.36,1,0,16.171868131868134,1,3
0,37,0,0.54,1,1,40.372972972972974,3,1
0,43,0,8.61,1,1,35.92767441860465,2,0
0,93,1,13.51,1,1,17.733333333333334,1,3
5,26,1,2.56,0,1,40.25115384615385,0,1
5,96,0,8.83,1,1,19.165104166666666,2,3
0,32,1,2.71,0,0,27.80375,0,1
5,60,0,14.63,0,1,17.873333333333335,1,0
1,51,0,3.51,1,0,26.811764705882354,0,0
4,17,1,7.27,1,0,61.75647058823529,2,2
5,70,1,7.11,1,1,23.246285714285715,2,3
1,80,1,5.39,0,0,18.44425,2,3
4,59,1,9.1,1,0,20.959491525423726,2,0
0,17,2,7.29,0,1,71.0164705882353,2,2
2,51,0,6.53,0,0,22.14588235294118,2,0
4,43,0,7.02,1,1,32.423720930232555,2,0
4,16,0,11.51,1,0,61.870625,1,2
2,46,0,9.67,0,0,21.027608695652173,2,0
0,27,0,14.09,0,1,45.35962962962963,1,1
4,21,0,14.61,1,1,54.67476190476191,1,1
0,28,0,9.13,0,1,44.375,2,1
0,53,0,10.96,1,1,29.773962264150942,1,0
2,47,1,13.49,1,1,24.89808510638298,1,0
0,49,2,14.69,0,1,31.278571428571432,1,0
0,79,0,13.57,0,1,19.23759493670886,1,3
2,52,2,12.46,1,1,21.911923076923078,1,0
1,50,0,5.67,0,1,26.887199999999996,2,0
4,43,2,14.84,0,1,28.28441860465116,1,0
0,34,1,11.23,1,0,34.42558823529412,1,1
5,28,0,8.96,1,1,45.37464285714286,2,1
4,39,1,11.84,1,1,32.73538461538462,1,1
0,90,0,9.77,0,1,18.913555555555554,2,3
0,39,1,4.5,0,0,30.425384615384612,0,1
0,67,2,12.58,1,0,25.584328358208957,1,3
5,39,1,6.31,1,1,35.305128205128206,2,1
1,20,0,1.85,0,1,50.0615,3,2
2,96,1,1.25,1,1,16.70927083333333,3,3
1,83,0,3.53,1,1,22.063734939759037,0,3
0,94,0,4.06,0,0,18.942021276595746,0,3
0,93,2,12.53,0,1,19.97258064516129,1,3
5,40,2,14.32,0,0,29.045499999999997,1,1
3,46,1,8.37,1,0,24.56826086956522,2,0
1,24,2,2.49,0,1,55.748333333333335,0,1
4,85,2,1.09,0,1,19.71270588235294,3,3
0,43,2,6.2,0,1,38.98186046511628,2,0
3,84,0,13.32,1,1,17.29357142857143,1,3
1,94,1,9.68,1,0,16.979893617021276,2,3
2,63,1,2.2,0,1,21.04714285714286,0,3
5,59,2,1.16,0,1,27.328644067796613,3,0
4,98,1,2.38,0,1,15.784183673469387,0,3
1,63,2,7.78,0,0,23.1784126984127,2,3
3,15,0,1.08,0,1,75.89533333333334,3,2
1,82,1,6.72,0,0,19.609268292682927,2,3
1,75,2,3.15,1,0,22.018533333333334,0,3
1,27,0,4.99,1,1,40.101851851851855,0,1
1,65,1,1.0,0,0,20.722615384615384,3,3
3,79,0,14.93,0,1,17.785822784810126,1,3
5,37,0,13.1,1,0,35.457837837837836,1,1
1,55,1,9.06,1,0,26.788181818181815,2,0
0,74,2,13.22,1,0,21.249189189189188,1,3
3,56,1,13.6,0,1,19.021250000000002,1,0
4,39,1,7.73,0,1,29.488717948717948,2,1
0,85,1,13.65,0,1,18.326470588235296,1,3
2,35,0,1.87,1,1,30.626285714285718,3,1
5,17,0,9.28,1,1,72.25588235294117,2,2
0,19,0,7.14,0,1,65.25157894736842,2,2
1,60,2,7.39,1,1,24.639166666666664,2,0
1,89,1,6.81,0,1,17.414719101123595,2,3
1,68,2,7.31,1,0,23.648529411764706,2,3
5,19,2,12.4,1,1,61.31842105263158,1,2
0,22,1,11.4,1,0,42.6390909090909,1,1
3,47,0,7.22,1,1,29.111063829787234,2,0
5,80,2,9.78,1,0,19.137999999999998,2,3
1,76,1,5.46,0,1,18.762894736842107,2,3
4,72,0,10.78,1,0,20.64805555555556,1,3
2,86,2,10.38,0,1,17.09639534883721,1,3
5,25,1,6.51,1,1,39.2116,2,1
4,36,0,9.43,1,1,39.23138888888889,2,1
2,91,1,2.02,0,1,17.424835164835166,0,3
2,51,1,12.61,1,1,21.130980392156864,1,0
4,93,0,3.82,1,1,17.74784946236559,0,3
4,84,0,4.24,0,0,17.330238095238094,0,3
2,54,2,1.86,0,1,28.330185185185183,3,0
3,51,2,14.23,1,1,28.115882352941178,1,0
0,81,0,1.95,0,1,21.986172839506175,3,3
1,26,0,12.86,0,1,37.85230769230769,1,1
0,54,2,2.99,1,0,30.79888888888889,0,0
5,50,2,4.16,0,0,25.8004,0,0
5,40,2,4.17,0,1,34.75675,0,1
4,51,1,8.12,0,1,21.059607843137254,2,0
1,55,2,10.8,0,0,26.728181818181817,1,0
1,22,0,6.18,1,1,56.67636363636364,2,1
0,62,0,10.17,0,1,26.850806451612904,1,3
5,90,0,6.74,0,0,18.560111111111112,2,3
1,18,2,12.41,1,0,67.5261111111111,1,2
3,88,1,3.27,0,0,15.028522727272728,0,3
0,63,1,4.8,1,1,25.8215873015873,0,3
2,85,2,6.08,0,1,19.255764705882353,2,3
5,74,2,12.83,0,1,22.246486486486486,1,3
2,25,2,9.7,1,1,46.9036,2,1
2,88,1,11.54,0,1,15.216477272727273,1,3
5,19,0,2.41,1,1,72.84210526315789,0,2
4,78,1,10.93,0,1,16.516923076923074,1,3
2,36,2,13.52,0,1,28.799999999999997,1,1
2,31,2,1.96,1,1,40.18806451612903,3,1
3,49,2,7.71,1,1,27.21326530612245,2,0
3,56,1,4.9,1,1,21.209642857142857,0,0
3,58,0,5.38,0,1,24.48051724137931,2,0
2,85,0,0.59,0,1,16.023411764705884,3,3
3,77,1,4.4,0,0,16.166883116883117,0,3
0,55,2,4.4,1,1,34.58363636363636,0,0
5,61,0,4.18,0,1,20.71672131147541,0,3
3,95,0,13.14,1,1,15.631052631578948,1,3
0,93,2,8.04,0,1,19.058924731182795,2,3
3,30,0,1.15,1,1,42.464666666666666,3,1
5,95,0,12.42,1,1,16.768736842105262,1,3
1,61,0,4.64,1,0,24.885081967213114,0,3
0,15,0,8.18,0,0,75.26866666666666,2,2
4,98,1,13.76,0,0,13.26908163265306,1,3
0,86,1,11.91,0,0,18.05593023255814,1,3
1,20,0,11.1,1,1,61.758,1,2
0,91,1,7.17,1,0,18.745494505494506,2,3
1,68,1,9.28,1,1,20.181470588235292,2,3
5,31,1,0.82,0,1,32.65709677419355,3,1
2,34,2,7.57,0,1,30.48882352941176,2,1
2,41,2,12.79,1,1,29.94682926829268,1,0
1,48,2,6.2,0,0,26.824791666666666,2,0
0,56,1,11.02,0,1,24.02625,1,0
4,86,2,10.64,0,1,19.88825581395349,1,3
2,46,0,13.49,1,1,26.486304347826085,1,0
3,36,1,1.92,1,1,30.18972222222222,3,1
2,19,2,3.63,1,0,63.34315789473684,0,2
0,99,1,8.4,0,1,15.650404040404041,2,3
5,78,1,11.22,0,1,17.791153846153847,1,3
2,35,0,14.09,1,1,31.503142857142855,1,1
5,50,1,2.93,0,1,21.565,0,0
0,61,0,12.88,1,1,25.96688524590164,1,3
0,29,1,4.56,1,1,41.02965517241379,0,1
0,67,2,7.45,0,0,25.704626865671642,2,3
2,93,2,1.1,1,1,18.838279569892475,3,3
2,18,2,13.51,0,0,52.73166666666666,1,2
5,31,2,10.28,1,0,38.87903225806452,1,1
5,38,0,4.04,1,1,32.69631578947369,0,1
4,32,0,3.88,1,1,43.0803125,0,1
4,59,2,2.51,0,0,29.06271186440678,0,0
5,64,1,14.26,0,1,18.99328125,1,3
3,56,1,11.14,1,1,20.929464285714285,1,0
0,40,2,11.57,1,0,39.40675,1,1
